file,pattern,context
ARTIGOS_TXT\286_TURISMO-RURAL.txt,IBGE,"ndárias, quando for o  caso, é preciso consultar a tabela CNAE no site www.cnae.ibge.gov.br Uma vez acessado o site, basta clicar no item “estrutura”, no qual  será"
ARTIGOS_TXT\597913277-Economia-para-atividades-culturais-e-criativas.txt,IBGE,"ra inovar. No caso brasileiro, a Pesquisa de Inovação (PINTEC), elaborada  pelo IBGE, investiga a realidade das empresas aqui localizadas. Os resultados da última p"
ARTIGOS_TXT\597913277-Economia-para-atividades-culturais-e-criativas.txt,IBGE,017 e publicada em 2019) e das anteriores podem ser consultados em: https://www.ibge.gov.br/estatis- ticas/multidominio/9141-pesquisa-de-inovacao.html?=&t=o-que-e 1
ARTIGOS_TXT\597913277-Economia-para-atividades-culturais-e-criativas.txt,IBGE,"s  Unidas (ONU), cuja última revisão foi feita em 2008. No Brasil, desde 1985 o IBGE  publica informações sobre as contas nacionais, com dados de frequência anual e"
ARTIGOS_TXT\597913277-Economia-para-atividades-culturais-e-criativas.txt,IBGE,"27 Um de talhamento maior, contudo, dependeria de adaptações na metodologia do IBGE para captar as espe - cificidades	do s 	s etores 	culturais 	e 	c riativos, 	co"
ARTIGOS_TXT\Capitulo 5 - Macroeconomia.txt,IBGE,"s Unidas (ONU), cuja última revisão foi feita em 2008. No Brasil, desde  1985 o IBGE publica informações sobre as contas nacionais, com dados de fre - quência anual"
ARTIGOS_TXT\Capitulo 5 - Macroeconomia.txt,IBGE,"27 Um detalhamento maior, contudo, dependeria de adaptações na metodologia do IBGE para captar as especi - ficidades dos setores culturais e criativos, com a cria"
ARTIGOS_TXT\CENTRALIDADE E O DINAMISMO SOCIOECONÔMICO DA MESORREGIÃO DIFERENCIADA BICO DO PAPAGAIO.txt,IBGE,"por meio da base de dados do Instituto Brasileiro de Geografia e  Estatística (IBGE) focada nos dados de população e Produto Interno Bruto (PIB), utilizando a séri"
ARTIGOS_TXT\CENTRALIDADE E O DINAMISMO SOCIOECONÔMICO DA MESORREGIÃO DIFERENCIADA BICO DO PAPAGAIO.txt,IBGE,"fazendo com que no decorrer do  tempo as séries apresentem valores semelhantes (IBGE, 2016).      O ESPAÇO GEOGRÁFICO EM ANÁLISE    70  ISSN eletrônico 2177-2738"
ARTIGOS_TXT\CENTRALIDADE E O DINAMISMO SOCIOECONÔMICO DA MESORREGIÃO DIFERENCIADA BICO DO PAPAGAIO.txt,IBGE,dx.doi.org/10.5380/raega.v56i0.85747               (metodologia atualizada pelo IBGE em 2010) do período de 2005 a 2016. A escolha do período atribuiu-se à  disponi
ARTIGOS_TXT\CENTRALIDADE E O DINAMISMO SOCIOECONÔMICO DA MESORREGIÃO DIFERENCIADA BICO DO PAPAGAIO.txt,IBGE,"u-se a coleta dos dados de PIB para os 66 municípios que compõem a Mesorregião (IBGE, 2020a). A  escolha de população e PIB permitiu estimar o PIB per capita e infe"
ARTIGOS_TXT\CENTRALIDADE E O DINAMISMO SOCIOECONÔMICO DA MESORREGIÃO DIFERENCIADA BICO DO PAPAGAIO.txt,IBGE,"transporte faturado separadamente e inclui qualquer subsídio  sobre o produto (IBGE, 2020a; IBGE, 2020b).  A estimação realizada consistiu na participação do PIB d"
ARTIGOS_TXT\CENTRALIDADE E O DINAMISMO SOCIOECONÔMICO DA MESORREGIÃO DIFERENCIADA BICO DO PAPAGAIO.txt,IBGE,"aturado separadamente e inclui qualquer subsídio  sobre o produto (IBGE, 2020a; IBGE, 2020b).  A estimação realizada consistiu na participação do PIB de cada muníci"
ARTIGOS_TXT\CENTRALIDADE E O DINAMISMO SOCIOECONÔMICO DA MESORREGIÃO DIFERENCIADA BICO DO PAPAGAIO.txt,IBGE,"o: compreende as  atividades associadas ao comércio e a prestação de serviços. (IBGE, 2020a; IBGE, 2020b; SEBRAE, 2010).  No caso da população residente, os dados d"
ARTIGOS_TXT\CENTRALIDADE E O DINAMISMO SOCIOECONÔMICO DA MESORREGIÃO DIFERENCIADA BICO DO PAPAGAIO.txt,IBGE,"as  atividades associadas ao comércio e a prestação de serviços. (IBGE, 2020a; IBGE, 2020b; SEBRAE, 2010).  No caso da população residente, os dados da Mesorregião"
ARTIGOS_TXT\CENTRALIDADE E O DINAMISMO SOCIOECONÔMICO DA MESORREGIÃO DIFERENCIADA BICO DO PAPAGAIO.txt,IBGE,"egião Diferenciada Bico do Papagaio foram obtidos  por meio da base de dados do IBGE e do o Instituto de Pesquisa Econômica Aplicada (IPEA), para o ano de 2005  a 2"
ARTIGOS_TXT\CENTRALIDADE E O DINAMISMO SOCIOECONÔMICO DA MESORREGIÃO DIFERENCIADA BICO DO PAPAGAIO.txt,IBGE,"imativas de população; e para os anos de 2007 e 2010 pela  população residente (IBGE, 2020; IPEADATA, 2019). A definição do período se deu em função da disponibilid"
ARTIGOS_TXT\CENTRALIDADE E O DINAMISMO SOCIOECONÔMICO DA MESORREGIÃO DIFERENCIADA BICO DO PAPAGAIO.txt,IBGE,"dos municípios da Mesorregião Bico do Papagaio  Em 2016, o IPEADATA (2019) e o IBGE (2020b) apontaram que a Mesorregião Diferenciada do Bico do  Papagaio apresento"
ARTIGOS_TXT\CENTRALIDADE E O DINAMISMO SOCIOECONÔMICO DA MESORREGIÃO DIFERENCIADA BICO DO PAPAGAIO.txt,IBGE,"Maria  1,05  13º  0,90  10º  Fonte: Resultados da pesquisa com base em dados do IBGE (2020).    Quando observado a evolução de alguns municípios da Mesorregião quan"
ARTIGOS_TXT\CENTRALIDADE E O DINAMISMO SOCIOECONÔMICO DA MESORREGIÃO DIFERENCIADA BICO DO PAPAGAIO.txt,IBGE,"habitantes, o que representou uma variação total de 17,85% ao longo do período (IBGE, 2020; IPEADATA,  2019). A taxa média de crescimento anual foi de 1,5% ao ano."
ARTIGOS_TXT\CENTRALIDADE E O DINAMISMO SOCIOECONÔMICO DA MESORREGIÃO DIFERENCIADA BICO DO PAPAGAIO.txt,IBGE,"olis   0,06  18º  0,23  10º  Fonte: Resultados da pesquisa a partir de dados do IBGE (2020).    Quanto ao Indicador de Disparidade Regional para a dinâmica socioeco"
ARTIGOS_TXT\CENTRALIDADE E O DINAMISMO SOCIOECONÔMICO DA MESORREGIÃO DIFERENCIADA BICO DO PAPAGAIO.txt,IBGE,"o desenvolvimento territorial. Acta Geográfica, v. 14, n. 34, p.  20-36, 2020.  IBGE. Instituto Brasileiro de Geografia e Estatística. Estimativas Populacionais. Ri"
ARTIGOS_TXT\CENTRALIDADE E O DINAMISMO SOCIOECONÔMICO DA MESORREGIÃO DIFERENCIADA BICO DO PAPAGAIO.txt,IBGE,"asileiro de Geografia e Estatística. Estimativas Populacionais. Rio de Janeiro: IBGE, 2020a.  Disponível  em:  <https://www.ibge.gov.br/estatisticas/sociais/populac"
ARTIGOS_TXT\CENTRALIDADE E O DINAMISMO SOCIOECONÔMICO DA MESORREGIÃO DIFERENCIADA BICO DO PAPAGAIO.txt,IBGE,"ivas Populacionais. Rio de Janeiro: IBGE, 2020a.  Disponível  em:  <https://www.ibge.gov.br/estatisticas/sociais/populacao/9103-estimativas-de- populacao.html?=&t=o"
ARTIGOS_TXT\CENTRALIDADE E O DINAMISMO SOCIOECONÔMICO DA MESORREGIÃO DIFERENCIADA BICO DO PAPAGAIO.txt,IBGE,cao/9103-estimativas-de- populacao.html?=&t=o-que-e>. Acesso em: 27 set. 2020.  IBGE. Instituto Brasileiro de Geografia e Estatística. Produto Interno Bruto. Rio de
ARTIGOS_TXT\CENTRALIDADE E O DINAMISMO SOCIOECONÔMICO DA MESORREGIÃO DIFERENCIADA BICO DO PAPAGAIO.txt,IBGE,"o Brasileiro de Geografia e Estatística. Produto Interno Bruto. Rio de Janeiro: IBGE, 2020b.  Disponível em: <https://sidra.ibge.gov.br/tabela/5938>. Acesso em: 27"
ARTIGOS_TXT\CENTRALIDADE E O DINAMISMO SOCIOECONÔMICO DA MESORREGIÃO DIFERENCIADA BICO DO PAPAGAIO.txt,IBGE,"duto Interno Bruto. Rio de Janeiro: IBGE, 2020b.  Disponível em: <https://sidra.ibge.gov.br/tabela/5938>. Acesso em: 27 set. 2020.  IPEADATA. Instituto de Pesquisa"
"ARTIGOS_TXT\Desafios e oportunidades para a regularização ambiental no sudeste do Pará, Amazônia.txt",IBGE,"(PIB) total de R$ 49 bilhões (Instituto  Brasileiro de Geografia e Estatística [IBGE], 2019), o que representa 27,5% do  PIB do estado do Pará. A vegetação predomin"
"ARTIGOS_TXT\Desafios e oportunidades para a regularização ambiental no sudeste do Pará, Amazônia.txt",IBGE,o de Geografia e Estatística. (2019). Produto Interno Bruto (PIB). https:// www.ibge.gov.br/explica/pib.php Instituto Nacional de Pesquisas Espaciais. (2024). Monit
ARTIGOS_TXT\Desenvolvimento-regional-no-Brasil_politicas_estrategias-e-perspectivas.txt,Xavier,"iretor de Estudos e Políticas Regionais, Urbanas  e/uni00A0Ambientais Alexandre Xavier Ywata de Carvalho Diretora de Estudos e Políticas Setoriais de  Inovação e Infr"
ARTIGOS_TXT\Desenvolvimento-regional-no-Brasil_politicas_estrategias-e-perspectivas.txt,IBGE,"dos das contas regionais do Instituto Brasileiro de  Geogra/f_ia e Estatística (IBGE), entre 2000 e 2012, a região Norte aumentou sua  participação no total da econ"
ARTIGOS_TXT\Desenvolvimento-regional-no-Brasil_politicas_estrategias-e-perspectivas.txt,IBGE,"– renda,  longevidade e educação –,7 segundo dados dos censos demográ/f_icos do IBGE, para  2000 e 2010. O índice é municipal, mas disponibilizado para diferentes a"
ARTIGOS_TXT\Desenvolvimento-regional-no-Brasil_politicas_estrategias-e-perspectivas.txt,IBGE,"dinados,  conforme os estudos de Regiões de In/f_luência das Cidades (Regic) do IBGE, ou que  fossem capitais estaduais). As cidades médias têm duas funções que pod"
ARTIGOS_TXT\Desenvolvimento-regional-no-Brasil_politicas_estrategias-e-perspectivas.txt,IBGE,"e dados adotada compreendeu informações extraídas dos  censos demográ/f_icos do IBGE de 1991e 2000 e estimativas do PIB municipal,  realizadas pelo Ipea para os ano"
ARTIGOS_TXT\Desenvolvimento-regional-no-Brasil_politicas_estrategias-e-perspectivas.txt,IBGE,"segundo o PIB  municipal do Instituto Brasileiro de Geogra/f_ia e Estatística (IBGE), e, de acordo  com diversos estudos, vem aumentando sua participação relativa"
ARTIGOS_TXT\Desenvolvimento-regional-no-Brasil_politicas_estrategias-e-perspectivas.txt,IBGE,dos _tabulares/ UC_bioma_resumo_agosto_2016.pdf>. 6. Disponível em: <http://www.ibge.gov.br/home/estatistica/populacao/trabalhoerendimento/pnad2014/>. Livro_Desenvo
ARTIGOS_TXT\Desenvolvimento-regional-no-Brasil_politicas_estrategias-e-perspectivas.txt,IBGE,1:56 Política Regional na Amazônia: a PNDR II  |  125 BIBLIOGRAFIA COMPLEMENTAR IBGE – INSTITUTO BRASILEIRO DE GEOGRAFIA E ESTATÍSTICA. Contas  nacionais: contas re
ARTIGOS_TXT\Desenvolvimento-regional-no-Brasil_politicas_estrategias-e-perspectivas.txt,IBGE,"GRAFIA E ESTATÍSTICA. Contas  nacionais: contas regionais 2012. Rio de Janeiro: IBGE, 2014. 55 p.  ______. Produto interno bruto (PIB) dos municípios 2010-2013. Rio"
ARTIGOS_TXT\Desenvolvimento-regional-no-Brasil_politicas_estrategias-e-perspectivas.txt,IBGE,"______. Produto interno bruto (PIB) dos municípios 2010-2013. Rio de  Janeiro: IBGE, 2015. 68 p. MONTEIRO NETO, A. Políticas de desenvolvimento, território e pacto"
ARTIGOS_TXT\Desenvolvimento-regional-no-Brasil_politicas_estrategias-e-perspectivas.txt,IBGE,"ioprodutiva. Possuía uma população  estimada em julho de 2014 de R$ 1,8 milhão (IBGE, 2014a), que corresponde  a 22,2% da população do estado do Pará; um produto in"
ARTIGOS_TXT\Desenvolvimento-regional-no-Brasil_politicas_estrategias-e-perspectivas.txt,IBGE,"do estado do Pará; um produto interno bruto (PIB) em  2012 de R$ 37,5 bilhões (IBGE, 2014b), que equivale a 41% do PIB paraense  (salientando que sua participação"
ARTIGOS_TXT\Desenvolvimento-regional-no-Brasil_politicas_estrategias-e-perspectivas.txt,IBGE,eadata.gov.br/Default.aspx>; e Instituto Brasileiro de Geograﬁa  e Estatística (IBGE) de 1999 a 2004. A análise do PIB setorial ressalta a importância da indústria
ARTIGOS_TXT\Desenvolvimento-regional-no-Brasil_politicas_estrategias-e-perspectivas.txt,IBGE,"9,1   50,4   47,7 Serviços   37,3   38,4   37,2   37,6   36,9   41,0 Fonte: SCN/IBGE. Nota: 1  Base de cálculo segundo a nova metodologia adotada pelo IBGE. O desem"
ARTIGOS_TXT\Desenvolvimento-regional-no-Brasil_politicas_estrategias-e-perspectivas.txt,IBGE,"nte: SCN/IBGE. Nota: 1  Base de cálculo segundo a nova metodologia adotada pelo IBGE. O desempenho do setor industrial, sobretudo do segmento de extração  mineral d"
ARTIGOS_TXT\Desenvolvimento-regional-no-Brasil_politicas_estrategias-e-perspectivas.txt,IBGE,"rticular, no seu agregado industrial. Segundo os dados  das Contas Regionais do IBGE, a mesorregião detinha, em 1999, 25,4% do valor  adicionado total da indústria"
ARTIGOS_TXT\Desenvolvimento-regional-no-Brasil_politicas_estrategias-e-perspectivas.txt,IBGE,"o. Serviram de fonte básica da análise demográ/f_ica os censos demográ/f_icos  (IBGE, 1970; 1980; 1991; 2000) e as estimativas populacionais dos municípios  do Bras"
ARTIGOS_TXT\Desenvolvimento-regional-no-Brasil_politicas_estrategias-e-perspectivas.txt,IBGE,"as estimativas populacionais dos municípios  do Brasil em 1o de julho de 2014 (IBGE, 2014b). Como pode ser observado no grá/f_ico 2, o sudeste paraense apresentou"
ARTIGOS_TXT\Desenvolvimento-regional-no-Brasil_politicas_estrategias-e-perspectivas.txt,IBGE,",5 8,5 12,5 4,6 2,5 3,3 1,61,9 1.800 1.400 1.200 1.000 800 600 400 200 0 Fonte: IBGE (1970a; 1980a; 1991; 2000; 2014b). Notas: 1  Em 1988, o atual Tocantins foi des"
ARTIGOS_TXT\Desenvolvimento-regional-no-Brasil_politicas_estrategias-e-perspectivas.txt,IBGE,"ade da Federação (UF)  pertencente à região Norte.      2  Dados estimados pelo IBGE para 1 o  de julho de 2014 (IBGE, 2014b). Livro_Desenvolvimento.indb   134 10/0"
ARTIGOS_TXT\Desenvolvimento-regional-no-Brasil_politicas_estrategias-e-perspectivas.txt,IBGE,"e à região Norte.      2  Dados estimados pelo IBGE para 1 o  de julho de 2014 (IBGE, 2014b). Livro_Desenvolvimento.indb   134 10/02/2017   14:31:57 A Economia do S"
ARTIGOS_TXT\Desenvolvimento-regional-no-Brasil_politicas_estrategias-e-perspectivas.txt,IBGE,"raense        40        104        344        424  533 10,1 11,5 2,4 1,7 Fonte: IBGE (1970a; 1980a; 1991; 2000; 20014b). Nota: 1  População estimada em 1 o  de julh"
ARTIGOS_TXT\Desenvolvimento-regional-no-Brasil_politicas_estrategias-e-perspectivas.txt,IBGE,"do Brasil e do mundo  deste início do século XXI. Os dados estimados para 2014 (IBGE, 2014b) indicam que o sudeste paraense  teria alcançado o contingente de 1,8 mi"
ARTIGOS_TXT\Desenvolvimento-regional-no-Brasil_politicas_estrategias-e-perspectivas.txt,IBGE,"8.433   44.791 108.793    162.017   59.155 230.970 283.558    573.683 Fonte: IBGE (2000). Notas: 1  Segundo o censo, não são consideradas migrantes as pessoas re"
ARTIGOS_TXT\Desenvolvimento-regional-no-Brasil_politicas_estrategias-e-perspectivas.txt,IBGE,"estimativas populacionais dos municípios do Brasil em 1o de julho de 2014, do  IBGE, veri/f_ica-se que, do total de 1,8 milhão de pessoas residentes na mesorregião"
ARTIGOS_TXT\Desenvolvimento-regional-no-Brasil_politicas_estrategias-e-perspectivas.txt,IBGE,"lo da FJP para o mesmo estado, que considerou informações domiciliares de 2007 (IBGE, 2008)  e realizou uma distribuição para cada componente do deﬁcit, de acordo c"
ARTIGOS_TXT\Desenvolvimento-regional-no-Brasil_politicas_estrategias-e-perspectivas.txt,IBGE,"à metodologia antiga. As pesquisas utilizadas foram: Censo 2000 e Pnad de 2007 (IBGE, 2008). Livro_Desenvolvimento.indb   145 10/02/2017   14:31:58 Desenvolvimento"
ARTIGOS_TXT\Desenvolvimento-regional-no-Brasil_politicas_estrategias-e-perspectivas.txt,IBGE,"te de população rural, respondendo por  36,3% da população total mesorregional (IBGE, 2000). Uma terceira evidência refere-se ao mercado de trabalho na mesorregião."
ARTIGOS_TXT\Desenvolvimento-regional-no-Brasil_politicas_estrategias-e-perspectivas.txt,IBGE,": uma abordagem  generalizada. Estudo Cebrap, São Paulo, n. 18, out./dez. 1976. IBGE – INSTITUTO BRASILEIRO DE GEOGRAFIA E ESTATÍSTICA. Censo  Demográ/f_ico de 1970"
ARTIGOS_TXT\Desenvolvimento-regional-no-Brasil_politicas_estrategias-e-perspectivas.txt,IBGE,"LEIRO DE GEOGRAFIA E ESTATÍSTICA. Censo  Demográ/f_ico de 1970. Rio de Janeiro: IBGE, 1970. _______. Censo Demográ/f_ico de 1980. Rio de Janeiro: IBGE, 1980. ______"
ARTIGOS_TXT\Desenvolvimento-regional-no-Brasil_politicas_estrategias-e-perspectivas.txt,IBGE,"o de Janeiro: IBGE, 1970. _______. Censo Demográ/f_ico de 1980. Rio de Janeiro: IBGE, 1980. _______. Censo Demográ/f_ico de 1991. Rio de Janeiro: IBGE, 1991. ______"
ARTIGOS_TXT\Desenvolvimento-regional-no-Brasil_politicas_estrategias-e-perspectivas.txt,IBGE,"o de Janeiro: IBGE, 1980. _______. Censo Demográ/f_ico de 1991. Rio de Janeiro: IBGE, 1991. _______. Censo Demográ/f_ico de 2000. Rio de Janeiro: IBGE, 2000. ______"
ARTIGOS_TXT\Desenvolvimento-regional-no-Brasil_politicas_estrategias-e-perspectivas.txt,IBGE,"o de Janeiro: IBGE, 1991. _______. Censo Demográ/f_ico de 2000. Rio de Janeiro: IBGE, 2000. _______. Pesquisa Nacional por Amostra de Domicílio (Pnad) 2007 – microd"
ARTIGOS_TXT\Desenvolvimento-regional-no-Brasil_politicas_estrategias-e-perspectivas.txt,IBGE,"sa Nacional por Amostra de Domicílio (Pnad) 2007 – microdados.  Rio de Janeiro, IBGE, 2008. _______. Produto interno bruto dos municípios 2012. Contas Nacionais, no"
ARTIGOS_TXT\Desenvolvimento-regional-no-Brasil_politicas_estrategias-e-perspectivas.txt,IBGE,"rno bruto dos municípios 2012. Contas Nacionais, no/uni00A043.  Rio de Janeiro, IBGE, 2014a. _______. Estimativas populacionais para os municípios brasileiros, em P"
ARTIGOS_TXT\Desenvolvimento-regional-no-Brasil_politicas_estrategias-e-perspectivas.txt,IBGE,"para os municípios brasileiros, em Primeiro  de julho de 2014. Rio de Janeiro, IBGE, 2014b. Livro_Desenvolvimento.indb   153 10/02/2017   14:31:58 Desenvolvimento"
ARTIGOS_TXT\Desenvolvimento-regional-no-Brasil_politicas_estrategias-e-perspectivas.txt,IBGE,"o fronteira : 30 anos de estudo do campesinato na  Amazônia. Belém: UFPA, 2004. IBGE – INSTITUTO BRASILEIRO DE GEOGRAFIA E ESTATÍSTICA. Censo  Demográ/f_ico de 1960"
ARTIGOS_TXT\Desenvolvimento-regional-no-Brasil_politicas_estrategias-e-perspectivas.txt,IBGE,"LEIRO DE GEOGRAFIA E ESTATÍSTICA. Censo  Demográ/f_ico de 1960. Rio de Janeiro: IBGE, 1960. _______. Censo Agropecuário do Pará de 1970. Rio de Janeiro: IBGE, 1970."
ARTIGOS_TXT\Desenvolvimento-regional-no-Brasil_politicas_estrategias-e-perspectivas.txt,IBGE,"neiro: IBGE, 1960. _______. Censo Agropecuário do Pará de 1970. Rio de Janeiro: IBGE, 1970. _______. Censo Agropecuário do Pará de 1980. Rio de Janeiro: IBGE, 1980."
ARTIGOS_TXT\Desenvolvimento-regional-no-Brasil_politicas_estrategias-e-perspectivas.txt,IBGE,"neiro: IBGE, 1970. _______. Censo Agropecuário do Pará de 1980. Rio de Janeiro: IBGE, 1980. _______. Censo Agropecuário do Pará de 1985. Rio de Janeiro: IBGE, 1985."
ARTIGOS_TXT\Desenvolvimento-regional-no-Brasil_politicas_estrategias-e-perspectivas.txt,IBGE,"neiro: IBGE, 1980. _______. Censo Agropecuário do Pará de 1985. Rio de Janeiro: IBGE, 1985. _______. Censo Agropecuário do Pará de 1995. Rio de Janeiro: IBGE, 1995."
ARTIGOS_TXT\Desenvolvimento-regional-no-Brasil_politicas_estrategias-e-perspectivas.txt,IBGE,"neiro: IBGE, 1985. _______. Censo Agropecuário do Pará de 1995. Rio de Janeiro: IBGE, 1995. _______. Censo Agropecuário do Pará de 1996. Rio de Janeiro: IBGE, 1996."
ARTIGOS_TXT\Desenvolvimento-regional-no-Brasil_politicas_estrategias-e-perspectivas.txt,IBGE,"neiro: IBGE, 1995. _______. Censo Agropecuário do Pará de 1996. Rio de Janeiro: IBGE, 1996. _______. Censo Agropecuário do Pará de 2006. Rio de Janeiro: IBGE, 2006."
ARTIGOS_TXT\Desenvolvimento-regional-no-Brasil_politicas_estrategias-e-perspectivas.txt,IBGE,"neiro: IBGE, 1996. _______. Censo Agropecuário do Pará de 2006. Rio de Janeiro: IBGE, 2006. MENDES, A. (Org.). Amazônia, terra e civilização: uma trajetória de 60/u"
ARTIGOS_TXT\Desenvolvimento-regional-no-Brasil_politicas_estrategias-e-perspectivas.txt,IBGE,"4.391 habitantes, segundo  o Instituto Brasileiro de Geogra/f_ia e Estatística (IBGE). A Petrobras se faz presente de diferentes maneiras nas cidades da calha dos r"
ARTIGOS_TXT\Desenvolvimento-regional-no-Brasil_politicas_estrategias-e-perspectivas.txt,IBGE,"s royalties aos bene/f_iciários  com base nos cálculos efetuados pela ANP; e do IBGE, com suas informações  demográ/f_icas, geográ/f_icas e econômicas, que estão re"
ARTIGOS_TXT\Desenvolvimento-regional-no-Brasil_politicas_estrategias-e-perspectivas.txt,IBGE,"ização da área de estudo Sedes municipais Hidrovias Municípios estudados Fonte: IBGE; Ministério dos Transportes, Portos e Aviação Civil (MT). Elaboração da autora."
ARTIGOS_TXT\Desenvolvimento-regional-no-Brasil_politicas_estrategias-e-perspectivas.txt,IBGE,"mazonas)      50.394.294,85        83.078 606,59 57.976,07        869,23 Fonte: IBGE. Disponível em: <http://www.ibge.gov.br/estadosat/index.php> (estados); <http:/"
ARTIGOS_TXT\Desenvolvimento-regional-no-Brasil_politicas_estrategias-e-perspectivas.txt,IBGE,"83.078 606,59 57.976,07        869,23 Fonte: IBGE. Disponível em: <http://www.ibge.gov.br/estadosat/index.php> (estados); <http://www.cidades.ibge.gov.br/ xtras/h"
ARTIGOS_TXT\Desenvolvimento-regional-no-Brasil_politicas_estrategias-e-perspectivas.txt,IBGE,em: <http://www.ibge.gov.br/estadosat/index.php> (estados); <http://www.cidades.ibge.gov.br/ xtras/home.php?lang> (cidades); <http://www.anp.gov.br/?pg=80274&m=roya
ARTIGOS_TXT\Desenvolvimento-regional-no-Brasil_politicas_estrategias-e-perspectivas.txt,IBGE,"é 50.069 81,48      959     1,915 23.692,22   2,59 Fonte: Censo Demográﬁco 2010/IBGE. Elaboração da autora. As características demográficas precisam ser considerada"
ARTIGOS_TXT\Desenvolvimento-regional-no-Brasil_politicas_estrategias-e-perspectivas.txt,IBGE,es quanto à distribuição da população  no território municipal mostram dados do IBGE que revelam a intensi/f_icação do  processo de urbanização das sedes municipais
ARTIGOS_TXT\Desenvolvimento-regional-no-Brasil_politicas_estrategias-e-perspectivas.txt,IBGE,"s  Tabatinga Tefé  Fonte: Censo Demográﬁco/uni00A01970, 1980, 1991, 2000 e 2010/IBGE. Livro_Desenvolvimento.indb   170 10/02/2017   14:32:00 Dimensões Espaciais de"
ARTIGOS_TXT\Desenvolvimento-regional-no-Brasil_politicas_estrategias-e-perspectivas.txt,IBGE,".074,84   58.314 503,79 365,28 Tefé 43.254.348,65   62.885 687,83 756,95 Fonte: IBGE; Tesouro Nacional (Sistema de Informações Contábeis e Fiscais do Setor Público"
ARTIGOS_TXT\Desenvolvimento-regional-no-Brasil_politicas_estrategias-e-perspectivas.txt,IBGE,"80.904.205,95   58.314 1.387,39 Tefé 113.533.429,31   62.885 1.805,41 Fonte: IBGE; STN; Finbra. Elaboração da autora. A participação dos royalties  entre os sete"
ARTIGOS_TXT\Desenvolvimento-regional-no-Brasil_politicas_estrategias-e-perspectivas.txt,IBGE,"103.595,38 Tefé   47.817,90 103.946,61 117.614,47 141.013,75 165.051,61 Fonte: IBGE. Elaboração da autora. Obs.: Para dados entre os anos 1999-2007 foi adotado o S"
ARTIGOS_TXT\Desenvolvimento-regional-no-Brasil_politicas_estrategias-e-perspectivas.txt,IBGE,"acapuru   6,7 Manaus 48,91 Parintins   4,83 Tabatinga   6,05 Tefé   9,44 Fonte: IBGE, em parceria com os órgãos estaduais de estatística, secretarias estaduais de g"
ARTIGOS_TXT\Desenvolvimento-regional-no-Brasil_politicas_estrategias-e-perspectivas.txt,IBGE,Dados brutos: Contas Regionais/Instituto Brasileiro de Geograﬁa e Estatística (IBGE). Elaboração do autor. Os recursos postos em uso pelo governo federal na questã
ARTIGOS_TXT\Desenvolvimento-regional-no-Brasil_politicas_estrategias-e-perspectivas.txt,IBGE,"o total nacional avançou paulatinamente de  12,04% em 1995 para 13,59% em 2013 (IBGE, 2014). Livro_Desenvolvimento.indb   200 10/02/2017   14:32:01 Federalismo e Re"
ARTIGOS_TXT\Desenvolvimento-regional-no-Brasil_politicas_estrategias-e-perspectivas.txt,IBGE,"gasto público federal, entretanto, tornou-se de difícil  avaliação depois que o IBGE deixou de realizar a Regionalização das T ransações  do Setor Público a partir"
ARTIGOS_TXT\Desenvolvimento-regional-no-Brasil_politicas_estrategias-e-perspectivas.txt,IBGE,"da execução orçamentária de 2011. Brasília: Ipea, 2012. (Nota T écnica, n. 13). IBGE – /uni00A0INSTITUTO BRASILEIRO DE GEOGRAFIA E ESTATÍSTICA.  Contas regionais do"
ARTIGOS_TXT\Desenvolvimento-regional-no-Brasil_politicas_estrategias-e-perspectivas.txt,IBGE,"A E ESTATÍSTICA.  Contas regionais do Brasil – série 1995-2012. Rio de Janeiro: IBGE, 2014.  Disponível em: <http://www.ibge.gov.br/home/estatistica/economia/contas"
ARTIGOS_TXT\Desenvolvimento-regional-no-Brasil_politicas_estrategias-e-perspectivas.txt,IBGE,"asil – série 1995-2012. Rio de Janeiro: IBGE, 2014.  Disponível em: <http://www.ibge.gov.br/home/estatistica/economia/contasregio- nais/2012/default.shtm>. MONTEIRO"
ARTIGOS_TXT\Desenvolvimento-regional-no-Brasil_politicas_estrategias-e-perspectivas.txt,IBGE,"Nordeste 2022 – estudos  prospectivos. Documento síntese. Fortaleza: BNB, 2014. IBGE – INSTITUTO BRASILEIRO DE GEOGRAFIA E ESTATÍSTICA.  Estimativas de população –"
ARTIGOS_TXT\Desenvolvimento-regional-no-Brasil_politicas_estrategias-e-perspectivas.txt,IBGE,"SILEIRO DE GEOGRAFIA E ESTATÍSTICA.  Estimativas de população – Rio de Janeiro: IBGE, vários anos.  Disponível em:  <http://www.ibge.gov.br/home/estatistica/populac"
ARTIGOS_TXT\Desenvolvimento-regional-no-Brasil_politicas_estrategias-e-perspectivas.txt,IBGE,"de população – Rio de Janeiro: IBGE, vários anos.  Disponível em:  <http://www.ibge.gov.br/home/estatistica/populacao/estimativa2015/default. shtm>. MONTEIRO NETO,"
ARTIGOS_TXT\Desenvolvimento-regional-no-Brasil_politicas_estrategias-e-perspectivas.txt,IBGE,"ic), realizado em 2014 pelo  Instituto Brasileiro de Geogra/f_ia e Estatística (IBGE), dimensiona a fragilidade das  relações institucionais intrarregionais e a ele"
ARTIGOS_TXT\Desenvolvimento-regional-no-Brasil_politicas_estrategias-e-perspectivas.txt,IBGE,"itante das microrregiões  do Instituto Brasileiro de Geogra/f_ia e Estatística (IBGE). Como se sabe, quanto mais  elevado e distante de zero o CW , maiores são as d"
ARTIGOS_TXT\Desenvolvimento-regional-no-Brasil_politicas_estrategias-e-perspectivas.txt,IBGE,"3 0,72 0,72 0,69 0,62    Goiás 0,36 0,43 0,41 0,39 0,39 Fonte: Dados básicos do IBGE. Nota: 1  Dados e estimativas de PIBs (municipais), do IBGE, e população reside"
ARTIGOS_TXT\Desenvolvimento-regional-no-Brasil_politicas_estrategias-e-perspectivas.txt,IBGE,"e: Dados básicos do IBGE. Nota: 1  Dados e estimativas de PIBs (municipais), do IBGE, e população residente (censos demográﬁcos e contagem da população),  IBGE, cal"
ARTIGOS_TXT\Desenvolvimento-regional-no-Brasil_politicas_estrategias-e-perspectivas.txt,IBGE,", do IBGE, e população residente (censos demográﬁcos e contagem da população),  IBGE, calculados para microrregiões do IBGE. Obs.: Informações populacionais, quando"
ARTIGOS_TXT\Desenvolvimento-regional-no-Brasil_politicas_estrategias-e-perspectivas.txt,IBGE,"s demográﬁcos e contagem da população),  IBGE, calculados para microrregiões do IBGE. Obs.: Informações populacionais, quando não disponíveis, foram extraídas a par"
ARTIGOS_TXT\Desenvolvimento-regional-no-Brasil_politicas_estrategias-e-perspectivas.txt,IBGE,"com  referência ao ano 2000, do Instituto Brasileiro de Geograﬁa e Estatística (IBGE). Livro_Desenvolvimento.indb   369 10/02/2017   14:32:14 Desenvolvimento Region"
ARTIGOS_TXT\Desenvolvimento-regional-no-Brasil_politicas_estrategias-e-perspectivas.txt,IBGE,Fonte: Indicadores macroeconômicos do Ipeadata; Contas Nacionais Trimestrais do IBGE; e economic trends em UnctadStat de  United Nations Conference on Trade and Dev
ARTIGOS_TXT\Desenvolvimento-regional-no-Brasil_politicas_estrategias-e-perspectivas.txt,IBGE,"a 2013, dados das Contas Nacionais  Trimestrais, com referência ao ano 2010, do IBGE.  2 Preços constantes de 2005, para o período 1970-2014. O debate persistiu mes"
ARTIGOS_TXT\Desenvolvimento-regional-no-Brasil_politicas_estrategias-e-perspectivas.txt,IBGE,"0,1 20,9 20,7 21,4 Centro-Oeste 3,9 3,5 3,5 3,8 4,7 4,8 4,9 Fonte: Cano (2008), IBGE (2014) e Ipeadata.  Elaboração do autor. Nota: 1  De 1949 a 1985, de Cano (2008"
ARTIGOS_TXT\Desenvolvimento-regional-no-Brasil_politicas_estrategias-e-perspectivas.txt,IBGE,"ução industrial  (VBPI), dados retirados da Pesquisa Industrial Anual (PIA), do IBGE. Livro_Desenvolvimento.indb   380 10/02/2017   14:32:15 Desindustrialização e D"
ARTIGOS_TXT\Desenvolvimento-regional-no-Brasil_politicas_estrategias-e-perspectivas.txt,IBGE,"mais ampla pesquisa industrial no país, com dados anuais disponibilizados pelo IBGE. Livro_Desenvolvimento.indb   382 10/02/2017   14:32:15 Desindustrialização e D"
ARTIGOS_TXT\Desenvolvimento-regional-no-Brasil_politicas_estrategias-e-perspectivas.txt,IBGE,"2009 6,0 28,8 33,8 31,4 2010 5,7 29,3 34,2 30,9 2011 5,5 29,7 33,4 31,4 Fonte: IBGE (2014) e Sampaio (2015). Elaboração do autor. Nota: 1  Segundo metodologia de S"
ARTIGOS_TXT\Desenvolvimento-regional-no-Brasil_politicas_estrategias-e-perspectivas.txt,IBGE,"a relação entre o VTI e o VBPI,  calculado a partir das informações da PIA, do IBGE.19 Para o ano de 1996, essa relação  era de 47,1%, valor máximo da série, passa"
ARTIGOS_TXT\Desenvolvimento-regional-no-Brasil_politicas_estrategias-e-perspectivas.txt,IBGE,005 2006 2007 2008 2009 2010 2011 VTI/VBPI VTI/VBPI – refino de petróleo Fonte: IBGE (2014).  Elaboração do autor. Nota: 1  Valores de 1996 a 2007 compatibilizados
ARTIGOS_TXT\Desenvolvimento-regional-no-Brasil_politicas_estrategias-e-perspectivas.txt,IBGE,"0,4   -0,2   2,0 -0,1   -6,7 Fonte: Dados das Contas Nacionais Trimestrais, do IBGE. Elaboração do autor. Nota: 1  Categorias de uso-destino: BK = bens de capital;"
ARTIGOS_TXT\Desenvolvimento-regional-no-Brasil_politicas_estrategias-e-perspectivas.txt,IBGE,"esenvolvimento Regional no Brasil: políticas, estratégias e perspectivas394 |   IBGE – INSTITUTO BRASILEIRO DE GEOGRAFIA E ESTATÍSTICA.  Pesquisa Industrial Anual."
ARTIGOS_TXT\Desenvolvimento-regional-no-Brasil_politicas_estrategias-e-perspectivas.txt,IBGE,"SILEIRO DE GEOGRAFIA E ESTATÍSTICA.  Pesquisa Industrial Anual. Rio de Janeiro: IBGE, 2014. IEDI – INSTITUTO DE ESTUDOS PARA O DESENVOLVIMENTO  INDUSTRIAL. Ocorreu"
ARTIGOS_TXT\Desenvolvimento-regional-no-Brasil_politicas_estrategias-e-perspectivas.txt,IBGE,ema de Contas Nacionais – SCN/Instituto Brasileiro de Geograﬁa e  Estatística – IBGE); Produção industrial (Pesquisa Industrial Mensal de Produção Física – PIM-PF/I
ARTIGOS_TXT\Desenvolvimento-regional-no-Brasil_politicas_estrategias-e-perspectivas.txt,IBGE,E); Produção industrial (Pesquisa Industrial Mensal de Produção Física – PIM-PF/IBGE); Emprego formal  (Cadastro Geral de Empregados e Desempregados – Caged/Ministé
ARTIGOS_TXT\Desenvolvimento-regional-no-Brasil_politicas_estrategias-e-perspectivas.txt,IBGE,rabalho e Emprego – MTE); Taxa de desemprego  (Pesquisa Mensal de Emprego – PME/IBGE); Superavit primário/PIB do Banco Central do Brasil (BCB); Receitas nominais  c
ARTIGOS_TXT\Desenvolvimento-regional-no-Brasil_politicas_estrategias-e-perspectivas.txt,IBGE,"), deﬂacionado pelo Índice Nacional de Preços/uni00A0ao Consumidor Amplo (IPCA)/IBGE; Transferências públicas para as  famílias (Diretoria de Estudos e Políticas Ma"
ARTIGOS_TXT\Desenvolvimento-regional-no-Brasil_politicas_estrategias-e-perspectivas.txt,IBGE,"studos e Políticas Macroeconômicas/uni00A0– Dimac/Ipea), deﬂacionadas pelo IPCA/IBGE; Investimento  de empresas estatais calculado por Orair e Gobetti (2015), deﬂac"
ARTIGOS_TXT\Desenvolvimento-regional-no-Brasil_politicas_estrategias-e-perspectivas.txt,IBGE,"obetti,  2015), deﬂacionado pelo Índice Nacional de Custos da Construção (INCC)/IBGE; Crédito para habitação calculado como  o crédito nominal total de famílias (pe"
ARTIGOS_TXT\Desenvolvimento-regional-no-Brasil_politicas_estrategias-e-perspectivas.txt,IBGE,"te: Fundação Getulio Vargas (FGV) (de 1939 a 1980) e Contas Regionais do Brasil/IBGE (1990 pela antiga metodologia,  e 2000 pela nova metodologia). Nas últimas déca"
ARTIGOS_TXT\Desenvolvimento-regional-no-Brasil_politicas_estrategias-e-perspectivas.txt,IBGE,",9 Brasil 100,0 100,0 100,0 100,0 100,0 100,0 Fonte: Contas Regionais do Brasil/IBGE. Esse resultado poderia ser bem pior, revelando a continuidade da perda de  par"
ARTIGOS_TXT\Desenvolvimento-regional-no-Brasil_politicas_estrategias-e-perspectivas.txt,IBGE,2 Brasil 100 100 100 100 100 100 100 100 Fonte: Pesquisa Industrial Anual (PIA)/IBGE. Livro_Desenvolvimento.indb   406 10/02/2017   14:32:17 A Evidência da Estrutur
ARTIGOS_TXT\Desenvolvimento-regional-no-Brasil_politicas_estrategias-e-perspectivas.txt,IBGE,"2005  2007  2009  2011  2013  0,8   1,0   1,2   1,4   1,6   1,8   Fonte: PIM-PF/IBGE. Obs.: 1991 = 1. Livro_Desenvolvimento.indb   407 10/02/2017   14:32:17 Desenvo"
ARTIGOS_TXT\Desenvolvimento-regional-no-Brasil_politicas_estrategias-e-perspectivas.txt,IBGE,"006  2008  2010  2012  2014         40  42 44 46 48  50 52 54   56   Fonte: PIA/IBGE. Ao atestar o quadro de desindustrialização /f_luminense, é importante se coloc"
ARTIGOS_TXT\Desenvolvimento-regional-no-Brasil_politicas_estrategias-e-perspectivas.txt,IBGE,"ntos 26,4 25,6 22,9 23,5 Indústrias de transformação 7,3 7,3 8,0 7,3 Fonte: PIA/IBGE. Obs.: Os resultados são pautados na versão 2.0 da Classiﬁcação Nacional de Ati"
ARTIGOS_TXT\Desenvolvimento-regional-no-Brasil_politicas_estrategias-e-perspectivas.txt,IBGE,"0 100,00 100,00 100,00 Fonte: Censos Industriais (1970-1985) e PIA (Cnae 1.0) - IBGE (1985-2002). Obs.: 1. Os resultados são pautados na versão 1.0 da Cnae. 2. Entr"
ARTIGOS_TXT\Desenvolvimento-regional-no-Brasil_politicas_estrategias-e-perspectivas.txt,IBGE,"5 46,8 51,4 44,4 Indústrias de transformação 100,0 100,0 100,0 100,0 Fonte: PIA/IBGE. Obs.: Os resultados são pautados na versão 2.0 da Cnae. Cabe ainda observar qu"
ARTIGOS_TXT\Desenvolvimento-regional-no-Brasil_politicas_estrategias-e-perspectivas.txt,IBGE,"4,2 10,8 13,8 Duráveis e seus fornecedores 1,5 12,1 5,3 9,8 4,6 11,1 Fonte: PIA/IBGE. De toda forma, /f_ica claro que, entre 1996 e 2007, o peso da produção de  com"
ARTIGOS_TXT\Desenvolvimento-regional-no-Brasil_politicas_estrategias-e-perspectivas.txt,IBGE,"-0,9 3,8   5,6 48,2 Total das RMs 23.711 23.342 -1,6 4,8   6,8 41,7 Fonte: PME/IBGE. Livro_Desenvolvimento.indb   421 10/02/2017   14:32:19 Desenvolvimento Regiona"
"ARTIGOS_TXT\discurso global economia criativa framewor para desenvolvimento monica,+4095-8990-1-CE.txt",IBGE,"bilhões , segundo  dados do Instituto Brasileiro de Geogr afia e Estatística  (IBGE, 2010), e aproximadamente 2% da  mão de obra e 2,5% da massa salarial formal ("
"ARTIGOS_TXT\discurso global economia criativa framewor para desenvolvimento monica,+4095-8990-1-CE.txt",IBGE,"ive economy – How people make money from ideas. London: Penguin  Books, 2013.   IBGE. Sistema de contas nacionais 2004-2008. Contas Nacionais nº 31. IBGE. Rio de  J"
"ARTIGOS_TXT\discurso global economia criativa framewor para desenvolvimento monica,+4095-8990-1-CE.txt",IBGE,"s, 2013.   IBGE. Sistema de contas nacionais 2004-2008. Contas Nacionais nº 31. IBGE. Rio de  Janeiro-RJ, 2010.   INDURSKY, F. “Da heterogeneidade do discurso à het"
ARTIGOS_TXT\Economia Criativa.txt,Xavier,ção de patentes de produtos farmacêuticos: o caso brasileiro  (1993) 12. Renato Xavier O gerenciamento costeiro no Brasil e a cooperação internacional (1994) 13. Geor
ARTIGOS_TXT\Economia Criativa.txt,IBGE,"cos. Inexiste, por exemplo,  uma conta satélite da cultura nos levantamentos do IBGE; e tampouco  foi acordada a uniformização da classificação de atividades econôm"
ARTIGOS_TXT\Economia Criativa.txt,IBGE,"leira –, a Secretaria comprometeu- -se a retomar a iniciativa da conta-satélite IBGE/MinC 281. Segundo  a Secretaria de Economia Criativa, já foi ultimado o acordo"
ARTIGOS_TXT\Economia Criativa.txt,IBGE,"mado o acordo entre  os dois órgãos, e espera-se que, no máximo em dois anos, o IBGE  alcance a desagregação do PIB da economia criativa 282. O estímulo ao  fomento"
ARTIGOS_TXT\Economia Criativa.txt,IBGE,"ea de  capacitação em empreendedorismo criativo) e a pesquisa já iniciada  pelo IBGE de metodologia de mapeamento da produção cultural.  Em um primeiro momento, pod"
ARTIGOS_TXT\Economia Criativa_eBook.txt,Xavier,"PROGRAMA DE   FORMAÇÃO DO JOVEM ARTESÃO O artigo de De Souza, De Paiva Júnior e Xavier Filho (2015) foi analisar  como o empreendedorismo se manifesta em atividades e"
ARTIGOS_TXT\Economia Criativa_eBook.txt,Xavier,"O Beco da Poeira em Fortaleza– Ceará. DE SOUSA, J. L.; DE PAIVA JÚNIOR, F. G.; XAVIER FILHO, J. L. J. A emergência do empreen- dedorismo educativo-cultural: o Progra"
ARTIGOS_TXT\Economia Criativa_eBook.txt,IBGE,", como a pesquisa bibliográfica  e a coleta de dados secundários de fontes como IBGE, Justiça em Números  ou outro banco de dados semelhante.  A primeira articulaçã"
ARTIGOS_TXT\economia da cultura_tomo 2_ISSU.txt,IBGE,"- ficulta o desenho de políticas públicas. A criação de uma conta- -satélite no ibge, como há em muitos países, resolveria parte do  problema e permitiria comparaçõ"
ARTIGOS_TXT\El Estado en contracción.txt,IBGE,"opciones  proporcionadas por el Instituto Brasileño de Geografía y Estadística (IBGE) para las estadísticas oficiales son: preto (negro),  pardo (literalmente “marr"
ARTIGOS_TXT\El Estado en contracción.txt,IBGE,portunidad de obtener atención médica y educación. 3 Véase [online] https://www.ibge.gov.br/estatisticas/sociais/saude/24786-pesquisa-de-orcamentos-familiares-2.htm
ARTIGOS_TXT\El Estado en contracción.txt,IBGE,"AL, 2022a) y, aunque las personas negras representan el 55,9% de  la población (IBGE, 2022b), solo ocupan el 17,8% de los escaños parlamentarios (O Globo, 2019). La"
ARTIGOS_TXT\El Estado en contracción.txt,IBGE,"alidad, más  elevadas. Según el Instituto Brasileño de Geografía y Estadística (IBGE, 2022a), en 2020, la tasa de  desempleo femenino fue del 16,5% y la de los homb"
ARTIGOS_TXT\El Estado en contracción.txt,IBGE,"oración propia sobre la base de Instituto Brasileño de Geografía y Estadística (IBGE), Encuesta Nacional Permanente  de Hogares (PNAD Continua).  Nota: Intervalo de"
ARTIGOS_TXT\El Estado en contracción.txt,IBGE,"oración propia sobre la base de Instituto Brasileño de Geografía y Estadística (IBGE), Encuesta Nacional Permanente  de Hogares (PNAD Continua).  Nota: Intervalo de"
ARTIGOS_TXT\El Estado en contracción.txt,IBGE,"oración propia sobre la base de Instituto Brasileño de Geografía y Estadística (IBGE), Encuesta Nacional Permanente  de Hogares (PNAD Continua).  Nota: Intervalo de"
ARTIGOS_TXT\El Estado en contracción.txt,IBGE,"oración propia sobre la base de Instituto Brasileño de Geografía y Estadística (IBGE), Encuesta Nacional Permanente  de Hogares (PNAD Continua).  Nota: Intervalo de"
ARTIGOS_TXT\El Estado en contracción.txt,IBGE,en el estado de Amazonas. 14 El Instituto Brasileño de Geografía y Estadística (IBGE) ha dividido el país en regiones según las características socioeconómicas  y f
ARTIGOS_TXT\El Estado en contracción.txt,IBGE,"ontexto da transnacionalização, E. Estanque y otros, São Paulo, Editora Cortez. IBGE (Instituto Brasileño de Geografía y Estadística) (2022a), “Síntese de Indicador"
ARTIGOS_TXT\El Estado en contracción.txt,IBGE,"Estadística) (2022a), “Síntese de Indicadores Sociais” [en línea] https:// www.ibge.gov.br/estatisticas/sociais/trabalho/9221-sintese-de-indicadores-sociais.html?="
ARTIGOS_TXT\El Estado en contracción.txt,IBGE,"s. (2022b), “Tabela 6403 – Populaçao, por cor ou raça” [en línea] https://sidra.ibge.gov.br/tabela/6403#resultado. INEP (Instituto Nacional de Estudios e Investigac"
ARTIGOS_TXT\El Estado en contracción.txt,IBGE,"ociology, vol. 71, Nº 3 [en línea] http://www.jstor.org/stable/23245191.  Sidra IBGE (2022), “Tabela 6403 – Populaçao, por cor ou raça” [en línea] https://sidra.ibg"
ARTIGOS_TXT\El Estado en contracción.txt,IBGE,"BGE (2022), “Tabela 6403 – Populaçao, por cor ou raça” [en línea] https://sidra.ibge.gov.br/ tabela/6403#resultado. Silveira, F. y otros (2021), “Equidade fiscal no"
ARTIGOS_TXT\gtg.61302-1512.txt,UN Tourism,"rganization (UNWTO). https://doi.org/10.18111/9789284412433  unwto.org. (n.d.). UN Tourism. Retrieved 8 October 2024, from https://www.unwto.org/  Utami, D. D., Dhewanto,"
ARTIGOS_TXT\gtg.61302-1512.txt,UN TOURISM,"rganization (UNWTO). https://doi.org/10.18111/9789284412433  unwto.org. (n.d.). UN Tourism. Retrieved 8 October 2024, from https://www.unwto.org/  Utami, D. D., Dhewanto,"
ARTIGOS_TXT\Inteligência Territorial Estratégica para a Agricultura Familiar do Vale do Rio Cuiabá e Entorno.txt,IBGE,"are family farms, 77% of the total agricultural establishments in the country (IBGE,  2019). Additionally, family farming employs 67% of the agricultural workforce"
ARTIGOS_TXT\Inteligência Territorial Estratégica para a Agricultura Familiar do Vale do Rio Cuiabá e Entorno.txt,IBGE,"ts, and almost 50 thousand people are  employed in agricultural establishments (IBGE, 2019). The majority of this population are family farmers and  members of trad"
ARTIGOS_TXT\Inteligência Territorial Estratégica para a Agricultura Familiar do Vale do Rio Cuiabá e Entorno.txt,IBGE,"RCE experienced changes to their territorial boundaries between 2017  and 2022 (IBGE, 2022), when the last municipal grid was released by IBGE. These changes involv"
ARTIGOS_TXT\Inteligência Territorial Estratégica para a Agricultura Familiar do Vale do Rio Cuiabá e Entorno.txt,IBGE,"tween 2017  and 2022 (IBGE, 2022), when the last municipal grid was released by IBGE. These changes involved both losses  and additions of areas. The biggest change"
ARTIGOS_TXT\Inteligência Territorial Estratégica para a Agricultura Familiar do Vale do Rio Cuiabá e Entorno.txt,IBGE,"cipality in 2022. Despite these recent changes, we decided to consider the 2017 IBGE municipal  boundaries for compatibility with the 2017 Agricultural Census, whic"
ARTIGOS_TXT\Inteligência Territorial Estratégica para a Agricultura Familiar do Vale do Rio Cuiabá e Entorno.txt,IBGE,"tock production on a municipal scale, with annual  and more recent periodicity (IBGE Annual Surveys PAM/PPM and PEVS), the choice of Census data is justified"
ARTIGOS_TXT\Inteligência Territorial Estratégica para a Agricultura Familiar do Vale do Rio Cuiabá e Entorno.txt,IBGE,"lettuce, cabbage, arugula, and twenty other products also grown in the region (IBGE, 2018).  Considering livestock, the Census allowed the stratification of data b"
ARTIGOS_TXT\Inteligência Territorial Estratégica para a Agricultura Familiar do Vale do Rio Cuiabá e Entorno.txt,IBGE,"l: cem anos de Censo  Agropecuário. Brasília: Ipea, 2020. cap. 13, p. 191-203.  IBGE. Censo agropecuário 2017: resultados definitivos. Rio de Janeiro: IBGE, 2019. D"
ARTIGOS_TXT\Inteligência Territorial Estratégica para a Agricultura Familiar do Vale do Rio Cuiabá e Entorno.txt,IBGE,"91-203.  IBGE. Censo agropecuário 2017: resultados definitivos. Rio de Janeiro: IBGE, 2019. Disponível em:  <https://sidra.ibge.gov.br/pesquisa/censo-agropecuario/>"
ARTIGOS_TXT\Inteligência Territorial Estratégica para a Agricultura Familiar do Vale do Rio Cuiabá e Entorno.txt,IBGE,"ultados definitivos. Rio de Janeiro: IBGE, 2019. Disponível em:  <https://sidra.ibge.gov.br/pesquisa/censo-agropecuario/>. Acesso em: 11 mai. 2024.  IBGE. Malha mun"
ARTIGOS_TXT\Inteligência Territorial Estratégica para a Agricultura Familiar do Vale do Rio Cuiabá e Entorno.txt,IBGE,ps://sidra.ibge.gov.br/pesquisa/censo-agropecuario/>. Acesso em: 11 mai. 2024.  IBGE. Malha municipal digital e áreas territoriais 2022. Nota metodológica n. 01. Di
ARTIGOS_TXT\Inteligência Territorial Estratégica para a Agricultura Familiar do Vale do Rio Cuiabá e Entorno.txt,IBGE,territoriais 2022. Nota metodológica n. 01. Disponível em:  <https://biblioteca.ibge.gov.br/visualizacao/livros/liv101998.pdf>. Acesso em: 09 ago. 2024.  IBGE. Pesq
ARTIGOS_TXT\Inteligência Territorial Estratégica para a Agricultura Familiar do Vale do Rio Cuiabá e Entorno.txt,IBGE,oteca.ibge.gov.br/visualizacao/livros/liv101998.pdf>. Acesso em: 09 ago. 2024.  IBGE. Pesquisas agropecuárias. Série Relatórios Metodológicos. 3. Ed. Rio de Janeiro
ARTIGOS_TXT\Inteligência Territorial Estratégica para a Agricultura Familiar do Vale do Rio Cuiabá e Entorno.txt,IBGE,"Pesquisas agropecuárias. Série Relatórios Metodológicos. 3. Ed. Rio de Janeiro: IBGE, 2018. p. 111.  IRIGARAY, C. T. J. H.; NUNES DA CUNHA, C.; JUNK, W. J. (Org.)."
ARTIGOS_TXT\Investigaciones-Geograficas_Spain_86_14.txt,UN Tourism,". v8i1.318 ONU Turismo. (2024). International Tourism Highlights, 2024 Edition. UN Tourism. https://doi. org/10.18111/9789284425808 Organización para la Cooperación y el"
ARTIGOS_TXT\Investigaciones-Geograficas_Spain_86_14.txt,UN TOURISM,". v8i1.318 ONU Turismo. (2024). International Tourism Highlights, 2024 Edition. UN Tourism. https://doi. org/10.18111/9789284425808 Organización para la Cooperación y el"
ARTIGOS_TXT\Investing in Climate for Growth and Development (EN).txt,Caetano,"Lehne, Amanda  McKee, Fernando Mendez and Guly Sabahi (NDC Partnership), Marina Caetano, Maria Netto, Dileimy and  Orozco (Institute for Climate and Society - iCS), Ma"
ARTIGOS_TXT\La CEPAL y la integración económica de América Latina.txt,IBGE,"mpleo abierto (calculada por el Instituto Brasileiro de Geografía y Estatística-IBGE),  del orden de 6%, es obtenida a partir de encuestas, en seis de las principal"
ARTIGOS_TXT\Livro_Arranjos_Produtivos_Locais_-_20_anos_da_RedeSist (1).txt,IBGE,"as, uma compatibi - lização com as informações das principais bases de dados do IBGE, tais como  as das pesquisas anuais ( PIA, PAS, PAC) e da Pesquisa de Inovação"
ARTIGOS_TXT\Livro_Arranjos_Produtivos_Locais_-_20_anos_da_RedeSist (1).txt,IBGE,intec e o referencial   de APLs da RedeSist A Pesquisa de Inovação  (Pintec) do IBGE é baseada nas pesquisas de inovação realizadas pela  União Europeia (innovation
ARTIGOS_TXT\Livro_Arranjos_Produtivos_Locais_-_20_anos_da_RedeSist (1).txt,IBGE,"atível com as principais pes - quisas de inovação, principalmente com a Pintec/ IBGE, além de abordar uma  série de outras questões ressaltadas no escopo do program"
ARTIGOS_TXT\Livro_Arranjos_Produtivos_Locais_-_20_anos_da_RedeSist (1).txt,IBGE,"o estabelecidas. No Brasil, o Instituto Brasileiro de Geografia e Estatística ( IBGE) tem realizado  um esforço metodológico para melhor apreensão das regiões funci"
ARTIGOS_TXT\Livro_Arranjos_Produtivos_Locais_-_20_anos_da_RedeSist (1).txt,IBGE,"ano de  Cooperação para a Agricultura ( IICA) em 2014, 7 além do Atlas Rural do IBGE,  de 2011, mostram novas territorialidades se formando, definindo fluxos mais"
ARTIGOS_TXT\Livro_Arranjos_Produtivos_Locais_-_20_anos_da_RedeSist (1).txt,IBGE,Inovação (Pintec) na Fundação Instituto Brasileiro de Geografia e Estatística  (IBGE). Pesquisador da RedeSist. E-mail: flaviojmpeixoto@yahoo.com.br Francisco de As
ARTIGOS_TXT\LV_206962_Cap.3.txt,IBGE,"qualificações territoriais e rearranjos das redes urbanas de  menor hierarquia (IBGE, 2013). Embora construindo uma trajetória de urbanização  mais polinucleada, co"
ARTIGOS_TXT\LV_206962_Cap.3.txt,IBGE,"igualdades regionais e desenvolvimento. São Paulo:  Editora Fundap/Unesp, 1995. IBGE – INSTITUTO BRASILEIRO DE GEOGRAFIA E ESTATÍSTICA. Atlas  do censo demográfico"
ARTIGOS_TXT\LV_206962_Cap.3.txt,IBGE,"E GEOGRAFIA E ESTATÍSTICA. Atlas  do censo demográfico de 2010. Rio de Janeiro: IBGE, 2013. IBRAM – INSTITUTO BRASILEIRO DE MINERAÇÃO. Informações sobre  a economia"
ARTIGOS_TXT\LV_206962_Cap.3.txt,IBGE,da PNDR e das políticas  públicas não regionais com impacto territorial  | 185 IBGE – INSTITUTO BRASILEIRO DE GEOGRAFIA E ESTATÍSTICA.  Regiões de influência das c
ARTIGOS_TXT\LV_206962_Cap.3.txt,IBGE,"OGRAFIA E ESTATÍSTICA.  Regiões de influência das cidades 2007. Rio de Janeiro: IBGE, 2008. IPEA – INSTITUTO DE PESQUISA ECONÔMICA APLICADA. Políticas de  desenvolv"
ARTIGOS_TXT\macroeconomia-teoria-e-aplicaoes-de-politica-economica.txt,IBGE,"s ao consumidor calculado pelo Instituto Brasileiro de Geografia e Estatística (IBGE), o índice de preços ao consumidor da Fundação Instituto de Pesquisas Econômica"
ARTIGOS_TXT\macroeconomia-teoria-e-aplicaoes-de-politica-economica.txt,IBGE,"ERMAN, W. Introdução à análise da renda nacional. Rio de Janeiro: Zahar, 1979. FIBGE – Fundação Instituto Brasileiro de Geografia e Estatística. Sistema de contas n"
ARTIGOS_TXT\macroeconomia-teoria-e-aplicaoes-de-politica-economica.txt,IBGE,"1) Capacidade (+) ou Necessidade (–) líquida de  nanciamento 924.920 888 Fonte: IBGE, Diretoria de Pesquisas, Departamento de Contas Nacionais. Disponível em: <www."
ARTIGOS_TXT\macroeconomia-teoria-e-aplicaoes-de-politica-economica.txt,IBGE,", Diretoria de Pesquisas, Departamento de Contas Nacionais. Disponível em: <www.ibge.gov.br/estatisticasnovoportal/economicas/contas-nacionais/>. Acesso em: 25 abr."
ARTIGOS_TXT\macroeconomia-teoria-e-aplicaoes-de-politica-economica.txt,IBGE,"6.375 11.484.006 Variação de estoque Exportação de bens e serviços Total Fonte: IBGE, Diretoria de Pesquisas, Coordenação de Contas Nacionais. Disponível em: <www.i"
ARTIGOS_TXT\macroeconomia-teoria-e-aplicaoes-de-politica-economica.txt,IBGE,"E, Diretoria de Pesquisas, Coordenação de Contas Nacionais. Disponível em: <www.ibge.gov.br/estatisticasnovoportal/economicas/contas-nacionais/>. Acesso em: 25 abr."
ARTIGOS_TXT\macroeconomia-teoria-e-aplicaoes-de-politica-economica.txt,IBGE,"apacidade ( + ) ou Necessidade ( – ) líquida de  nanciamento 333 262.008 Fonte: IBGE, Diretoria de Pesquisas, Departamento de Contas Nacionais. Disponível em: <www."
ARTIGOS_TXT\macroeconomia-teoria-e-aplicaoes-de-politica-economica.txt,IBGE,", Diretoria de Pesquisas, Departamento de Contas Nacionais. Disponível em: <www.ibge.gov.br/estatisticasnovoportal/economicas/contas-nacionais/>. Acesso em: 25 abr."
ARTIGOS_TXT\macroeconomia-teoria-e-aplicaoes-de-politica-economica.txt,IBGE,"encontrada nas estatísticas do Instituto Brasileiro de Geografia e Estatística (IBGE). 3 O pneu que é vendido nas lojas para reposição, entretanto, é considerado co"
ARTIGOS_TXT\macroeconomia-teoria-e-aplicaoes-de-politica-economica.txt,IBGE,"o etc. As taxas da Fundação SEADE/ DIEESE, por exemplo, não coincidem com as do IBGE, e assim por diante. Essa diversidade acentua-se ao compararmos diferentes país"
ARTIGOS_TXT\Politicas_publicas_informadas_por_evidencias.txt,Xavier,"ogias, Porto Alegre, v. 23, n. 56, p. 154-183, jan.-abr. 2021. CAMARGOS, Camila Xavier. A transparência ativa dos estados brasileiros  para dados de segurança pública"
ARTIGOS_TXT\Politicas_publicas_informadas_por_evidencias.txt,Xavier,"5635-032-5/capitulo11. MENEZES FILHO, Naercio Aquino; PINTO, Cristine Campos de Xavier.  Avaliação econômica de projetos sociais. 3. ed. São Paulo: Fundação Itaú  Soc"
ARTIGOS_TXT\Politicas_publicas_informadas_por_evidencias.txt,IBGE,"SEM o Censo em 2021, ações governamentais pós-pandemia serão afetadas,  alerta IBGE. G1, 23 mar. 2021. Disponível em: https://g1.globo.com/ economia/noticia/2021/0"
ARTIGOS_TXT\Politicas_publicas_informadas_por_evidencias.txt,IBGE,"23/sem-o-censo-em-2021-acoes-governamentais- pos-pandemia-serao-afetadas-alerta-ibge.ghtml. Acesso em: 22 abr. 2026. SHAHJAHAN, R. A. Decolonizing the evidence-base"
ARTIGOS_TXT\Politicas_publicas_informadas_por_evidencias.txt,IBGE,"nicípio, com base em dados do Instituto  Brasileiro de Geografia e Estatística (IBGE). As comparações históricas referem-se às edições anteriores da pesquisa – 1987"
ARTIGOS_TXT\Politicas_publicas_informadas_por_evidencias.txt,IBGE,Ciências Estatísticas do Instituto Brasileiro de Geografia e Estatística (Ence/IBGE).  E-mail: paulo.jannuzzi@ibge.gov.br. 3. Professor da Faculdade de Administraç
ARTIGOS_TXT\Politicas_publicas_informadas_por_evidencias.txt,IBGE,"tuto Brasileiro de Geografia e Estatística (Ence/IBGE).  E-mail: paulo.jannuzzi@ibge.gov.br. 3. Professor da Faculdade de Administração, Ciências Contábeis e Ciênci"
ARTIGOS_TXT\Politicas_publicas_informadas_por_evidencias.txt,IBGE,"Ciências Estatísticas  do Instituto Brasileiro de Geografia e Estatística (Ence/IBGE), pelo Centro  de Estudos e Pesquisas Aplicadas ao Setor Público da Universidad"
ARTIGOS_TXT\Politicas_publicas_informadas_por_evidencias.txt,IBGE,"i),  Cadastro Único, dados do Instituto Brasileiro de Geografia e Estatística  (IBGE) etc.; •	 artigos acadêmicos, capítulos ou livros produzidos por pesquisadores;"
ARTIGOS_TXT\Politicas_publicas_informadas_por_evidencias.txt,IBGE,s secundários produzidos pelo Instituto Brasileiro de Geografia  e Estatística (IBGE). Em que pese a recenticidade do índice e a sua ausência de vinculação à  trans
ARTIGOS_TXT\Politicas_publicas_informadas_por_evidencias.txt,IBGE,"ncias  na nossa área eu acho que são as instituições nacionais, especialmente o IBGE, mas  também organismos da sociedade civil atuam muito na produção de evidência"
ARTIGOS_TXT\Politicas_publicas_informadas_por_evidencias.txt,IBGE,"isa Nacional  por Amostra de Domicílios (PNAD) e do censo demográfico, ambos do IBGE,  que têm subsidiado avanços importantes nas políticas públicas. Além disso, fo"
ARTIGOS_TXT\Politicas_publicas_informadas_por_evidencias.txt,IBGE,instituições  como o Inpe e o Instituto Brasileiro de Geografia e Estatística (IBGE). Essa inicia- tiva não apenas gera dados técnicos mas também cria condições pa
ARTIGOS_TXT\Politicas_publicas_informadas_por_evidencias.txt,IBGE,"as políticas públicas informadas por evidências  | 593 RIBAS, Sílvio. Crise no IBGE gera temor de controle político das estatísticas  oficiais. Gazeta do Povo, Bra"
ARTIGOS_TXT\Politicas_publicas_informadas_por_evidencias.txt,IBGE,25 set. 2024. Disponível em: https://www. gazetadopovo.com.br/economia/crise-no-ibge-reforca-suspeita-de-controle- politico-das-estatisticas-oficiais/. Acesso em: 1
ARTIGOS_TXT\Politicas_publicas_informadas_por_evidencias.txt,IBGE,Ciências Estatísticas do  Instituto Brasileiro de Geografia e Estatística (ENCE/IBGE). Especialista em  planejamento e monitoramento de políticas públicas. É pesqui
ARTIGOS_TXT\Politicas_publicas_informadas_por_evidencias.txt,IBGE,"ederal do Rio de  Janeiro/Instituto Brasileiro de Geografia e Estatística (UFRJ/IBGE), doutora em  população, território e estatísticas públicas na Escola Nacional"
ARTIGOS_TXT\Politicas_publicas_informadas_por_evidencias.txt,IBGE,"e estatísticas públicas na Escola Nacional de Ciências Esta- tísticas (Ence) do IBGE, mestre em ciências sociais pela Universidade de Brasília  (UnB) e graduada em"
ARTIGOS_TXT\Politicas_publicas_informadas_por_evidencias.txt,IBGE,"Ciências Estatísticas do Instituto Brasileiro  de Geografia e Estatística (Ence/IBGE), diretor do Centro de Colaboração  Interinstitucional de Inteligência Artifici"
ARTIGOS_TXT\PRArt_216522_Fundos publicose privados_ (1).txt,IBGE,"eve histórico dos fundos públicos no Brasil. 2  Na Tabela de Natureza Jurídica (IBGE, 2021), os fundos públicos federais são: (i) Fundo  Público da Administração Di"
ARTIGOS_TXT\PRArt_216522_Fundos publicose privados_ (1).txt,IBGE,"os (FPM) e os fundos soberanos. 3  De acordo com a Tabela de Natureza Jurídica (IBGE, 2021), a classificação Fundo Pri- vado (código 324-7) compreende: (i) os fundo"
ARTIGOS_TXT\PRArt_216522_Fundos publicose privados_ (1).txt,IBGE,"ém conhecidos como endowments). 4  De acordo com a Tabela de Natureza Jurídica (IBGE, 2021), a classificação Clu- be/Fundo de Investimento (código 222-4) compreende"
ARTIGOS_TXT\PRArt_216522_Fundos publicose privados_ (1).txt,IBGE,"imento em direitos creditórios. 5  De acordo com a Tabela de Natureza Jurídica (IBGE, 2021), a classificação fundos ga- rantidores de créditos e outras associações"
ARTIGOS_TXT\PRArt_216522_Fundos publicose privados_ (1).txt,IBGE,%20Constitui%c3%a7%c3%a3o%20de%201988_ compl_P_BD.pdf. Acesso em: 12 dez. 2024. IBGE – INSTITUTO BRASILEIRO DE GEOGRAFIA E ESTATÍSTICA. Tabela  de natureza jurídica
ARTIGOS_TXT\PRArt_216522_Fundos publicose privados_ (1).txt,IBGE,"LEIRO DE GEOGRAFIA E ESTATÍSTICA. Tabela  de natureza jurídica. Rio de Janeiro: IBGE, 2021. Disponível em: https://concla.ibge. gov.br/estrutura/natjur-estrutura/na"
ARTIGOS_TXT\PRArt_216522_Fundos publicose privados_ (1).txt,IBGE,"de natureza jurídica. Rio de Janeiro: IBGE, 2021. Disponível em: https://concla.ibge. gov.br/estrutura/natjur-estrutura/natureza-juridica-2021. Acesso em: 24 jan. 2"
ARTIGOS_TXT\PRArt_216522_Fundos publicose privados_.txt,IBGE,"eve histórico dos fundos públicos no Brasil. 2  Na Tabela de Natureza Jurídica (IBGE, 2021), os fundos públicos federais são: (i) Fundo  Público da Administração Di"
ARTIGOS_TXT\PRArt_216522_Fundos publicose privados_.txt,IBGE,"os (FPM) e os fundos soberanos. 3  De acordo com a Tabela de Natureza Jurídica (IBGE, 2021), a classificação Fundo Pri- vado (código 324-7) compreende: (i) os fundo"
ARTIGOS_TXT\PRArt_216522_Fundos publicose privados_.txt,IBGE,"ém conhecidos como endowments). 4  De acordo com a Tabela de Natureza Jurídica (IBGE, 2021), a classificação Clu- be/Fundo de Investimento (código 222-4) compreende"
ARTIGOS_TXT\PRArt_216522_Fundos publicose privados_.txt,IBGE,"imento em direitos creditórios. 5  De acordo com a Tabela de Natureza Jurídica (IBGE, 2021), a classificação fundos ga- rantidores de créditos e outras associações"
ARTIGOS_TXT\PRArt_216522_Fundos publicose privados_.txt,IBGE,%20Constitui%c3%a7%c3%a3o%20de%201988_ compl_P_BD.pdf. Acesso em: 12 dez. 2024. IBGE – INSTITUTO BRASILEIRO DE GEOGRAFIA E ESTATÍSTICA. Tabela  de natureza jurídica
ARTIGOS_TXT\PRArt_216522_Fundos publicose privados_.txt,IBGE,"LEIRO DE GEOGRAFIA E ESTATÍSTICA. Tabela  de natureza jurídica. Rio de Janeiro: IBGE, 2021. Disponível em: https://concla.ibge. gov.br/estrutura/natjur-estrutura/na"
ARTIGOS_TXT\PRArt_216522_Fundos publicose privados_.txt,IBGE,"de natureza jurídica. Rio de Janeiro: IBGE, 2021. Disponível em: https://concla.ibge. gov.br/estrutura/natjur-estrutura/natureza-juridica-2021. Acesso em: 24 jan. 2"
ARTIGOS_TXT\PRLiv_216220_Um novo BNDES para os novos tempos.txt,IBGE,"00,0 100,0 100,0 100,0  Fonte: Instituto Brasileiro de Geografia e Estatística (IBGE).17 *Serviços industriais de utilidade pública (eletricidade e gás, água, esgot"
ARTIGOS_TXT\PRLiv_216220_Um novo BNDES para os novos tempos.txt,IBGE,"do negativo de US$ 61,1  bilhões no ano anterior. 17 Disponível em: https://www.ibge.gov.br/estatisticas/economicas/contas-nacionais/9300-contas-nacionais- trimestr"
ARTIGOS_TXT\PRLiv_216220_Um novo BNDES para os novos tempos.txt,IBGE,"orém aumentou 5,3% em 2023. 21  A taxa de desocupação (desemprego), medida pelo IBGE, chegou a 15% ao fim de 2020 e início de  2021, mas caiu para 7,4% ao fim de 20"
ARTIGOS_TXT\PRLiv_216220_Um novo BNDES para os novos tempos.txt,IBGE,"ndicador foi extraído  da Pesquisa Nacional por Amostra de Domicílios (Pnad) do IBGE. Em 2012, o IBGE implantou a Pnad  Contínua (PNADC), passando a calcular o indi"
ARTIGOS_TXT\PRLiv_216220_Um novo BNDES para os novos tempos.txt,IBGE,"aído  da Pesquisa Nacional por Amostra de Domicílios (Pnad) do IBGE. Em 2012, o IBGE implantou a Pnad  Contínua (PNADC), passando a calcular o indicador por meio de"
ARTIGOS_TXT\PRLiv_216220_Um novo BNDES para os novos tempos.txt,IBGE,"usando a Pnad* usando a PNADC usando a PNADC sem programas Fonte: Ipeadata23 e IBGE (2023). * A Pnad era interrompida em anos de Censo Demográfico, não havendo dad"
ARTIGOS_TXT\PRLiv_216220_Um novo BNDES para os novos tempos.txt,IBGE,"preta ou parda, enquanto homens ganharam 13% a mais que as  mulheres. Estudo do IBGE (2023) aponta para uma “desigualdade estrutural”, dado que os diferen- ciais de"
ARTIGOS_TXT\PRLiv_216220_Um novo BNDES para os novos tempos.txt,IBGE,"base nos dados de Inter.B – Carta de Infraestrutura (anos diversos), Ipeadata e IBGE.28 * Dados deflacionados pelo deflator implícito da FBCF em infraestrutura, cal"
ARTIGOS_TXT\PRLiv_216220_Um novo BNDES para os novos tempos.txt,IBGE,"PEA, até 2020, e pelo Índice  de Preços ao Produtor (IPP) de bens de capital do IBGE, após essa data. Em termos de padrão de financiamento, o mercado de dívida (emp"
ARTIGOS_TXT\PRLiv_216220_Um novo BNDES para os novos tempos.txt,IBGE,"b.com.br/cartas-de-infra/, http://ipeadata.gov.br/Default.aspx e  https://sidra.ibge.gov.br/pesquisa/cna/tabelas. UM NOVO BNDES PARA OS NOVOS TEMPOS 21 dívida (créd"
ARTIGOS_TXT\PRLiv_216220_Um novo BNDES para os novos tempos.txt,IBGE,"tura Comércio e serviços Fonte: Elaboração própria, com base em dados do BNDES, IBGE e Banco Central do Brasil.47 • Carteira em renda variável: ao fim de 2023, a ca"
ARTIGOS_TXT\PRLiv_216220_Um novo BNDES para os novos tempos.txt,IBGE,"wps/portal/site/home/bndes-data/bndes- data-dados-series-temporais, https://www.ibge.gov.br/estatisticas/economicas/contas-nacionais/9300-contas- nacionais-trimestr"
ARTIGOS_TXT\PRLiv_216220_Um novo BNDES para os novos tempos.txt,IBGE,", ano 11, n. 23, 31 jan. 2024. INSTITUTO BRASILEIRO DE GEOGRAFIA E ESTATÍSTICA (IBGE). Síntese de indicadores sociais:  uma análise das condições de vida da populaç"
ARTIGOS_TXT\PRLiv_216220_Um novo BNDES para os novos tempos.txt,IBGE,"a análise das condições de vida da população brasileira – 2023. Rio de Janeiro: IBGE, 2023. INTERGOVERNMENTAL PANEL ON CLIMATE CHANGE (IPCC). Climate change 2022: i"
ARTIGOS_TXT\R - D - DEBORA GONCALVES ALENCAR.txt,Xavier,"acterização no que  se refere ao perfil estético e temático de forma relevante (XAVIER, 1999).   Em relação à publicidade via meios audiovisu ais, o Brasil possui est"
ARTIGOS_TXT\R - D - DEBORA GONCALVES ALENCAR.txt,Xavier,"rmanência destes filmes no mercado de exibição e por  isso se estende até 2000 (XAVIER, 1999).   Os objetivos específicos deste estudo incluem: a) analisar a represen"
ARTIGOS_TXT\R - D - DEBORA GONCALVES ALENCAR.txt,Xavier,"O Mez da Grippe e Outros  Livros (Prêmio Jabuti em 1999),  do escritor Valêncio Xavier,  publicado pela Companhia das  Letras.  Corpos  Celestes  (2011)  A fotografia"
ARTIGOS_TXT\R - D - DEBORA GONCALVES ALENCAR.txt,Xavier,"s.   O filme Misteryos (2009) é baseado na obra do escritor e cineasta Valêncio Xavier,   o livro “O mez da grippe e outros livros”,  conhecido pela multiplicidade de"
ARTIGOS_TXT\R - D - DEBORA GONCALVES ALENCAR.txt,Xavier,"Pedro Merege, tem seu roteiro baseado na obra do escritor  e cineasta Valêncio Xavier e no livro “O mez da grippe e outros livros”, conhecido pela  multiplicidade de"
ARTIGOS_TXT\R - D - DEBORA GONCALVES ALENCAR.txt,Xavier,cinemato gráficas locais. O livro “Mez da Grippe e  Outros Contos” de Valêncio Xavier reúne c ontos baseados em mi stérios que podem ser  reais ou meros delírios do
ARTIGOS_TXT\R - D - DEBORA GONCALVES ALENCAR.txt,Xavier,"tiba,  a cidade é indicada no longa. Segundo Valente (2008), a obra de Valêncio Xavier permite  os diretores brincarem tanto com a forma ao rec onstituir o que seria"
ARTIGOS_TXT\R - D - DEBORA GONCALVES ALENCAR.txt,Xavier,"os do filme sobre o suposto cineasta Crispim, quanto com o papel  histórico que Xavier tem em Curitiba junto à Cinemateca local.      5.4.3 Filme “Corpos Celestes” (2"
ARTIGOS_TXT\R - D - DEBORA GONCALVES ALENCAR.txt,Xavier,"nos da  compressão do espaço e do tempo, própria do  mundo da alta tecnologia” (XAVIER, 1999, p.84).   O referido autor se refere ao cinema da Retomada, e a abertura"
ARTIGOS_TXT\R - D - DEBORA GONCALVES ALENCAR.txt,Xavier,"idades são bem menos mar cadas no imaginário brasileiro”. Atualmente,  Valêncio Xavier é homenageado no Espaço Cine Passeio, com uma sala no térreo que cita  brevemen"
ARTIGOS_TXT\R - D - DEBORA GONCALVES ALENCAR.txt,Xavier,", que reflete em  uma produção fílmica de caráter mais artístico, e de Valêncio Xavier e “O filho Eterno” de  Cristovão Tezza, reflete na representação de Curitiba na"
ARTIGOS_TXT\R - D - DEBORA GONCALVES ALENCAR.txt,Xavier,"C%20de%20cinema/d issertacao_andre_araujo_poscultura.pdf. Acesso em: set. 2018  XAVIER, I. Cinema nacional: táticas para um tempo sem estratégias. Comunicação &  educ"
ARTIGOS_TXT\R - D - DEBORA GONCALVES ALENCAR.txt,Xavier,"erege. O roteiro do filme é baseado na em obra do escritor e  cineasta Valêncio Xavier e o livro “O mez da grippe e outros livros”, conhecido pela  multiplicidade de"
ARTIGOS_TXT\R - D - DEBORA GONCALVES ALENCAR.txt,Xavier,"obscuridade da noite e também da morte,  recitando trechos da obra de Valêncio Xavier  “_Aos que dormem e aos que não dormem  presas da insônia”. O protagonista Senh"
ARTIGOS_TXT\R - D - DEBORA GONCALVES ALENCAR.txt,Xavier,"”, entre as estórias tem o uso de grafismos e desenhos que remetem às obras de  Xavier, pois seus livros são marcados pela visualidade.        204    FIGURA 14: ESTÉT"
ARTIGOS_TXT\Relatório de Economia Criativa 2010.txt,Caetano,"Em vez disso, ele é um país de “muitos carnavais”, como descrito na canção de  Caetano Veloso. Isso ocorre porque, além das afinidades disseminadas, o carnaval brasil"
ARTIGOS_TXT\Relatório de Economia Criativa 2010.txt,Xavier,"ticamente o dobro da quantidade de empregos em hospitais públicos de Paris. Por Xavier Greffe, Professor de Economia da Universidade de Paris I – Panthéon-Sorbonne. 1"
ARTIGOS_TXT\Relatório de Economia Criativa 2010.txt,IBGE,"Colombia,  Convenio Andrés Bello, Bogotá, 2003. Ministério da Cultura, Brasil, IBGE (2003). Sistema de  informações e indicadores culturais. Ministerio de Cultura,"
ARTIGOS_TXT\td24-economia-da-regiao-sul-tres-evolucoes-distintas-de-pib-nas-ultimas-duas-decadas_0.txt,IBGE,"ANÁLISE TRIMESTRAL ......................... 12           3    No mês passado o IBGE divulgou que o PIB brasileiro cresceu 3,4%, em 2024.  Em um país de tamanho con"
ARTIGOS_TXT\td24-economia-da-regiao-sul-tres-evolucoes-distintas-de-pib-nas-ultimas-duas-decadas_0.txt,IBGE,"oficiais para 2024 só serão divulgados em 2 anos, tempo necessário  para que o IBGE tenha todas as informações estruturais para a completa  elaboração do Sistema d"
ARTIGOS_TXT\td24-economia-da-regiao-sul-tres-evolucoes-distintas-de-pib-nas-ultimas-duas-decadas_0.txt,IBGE,"em que ainda não estão disponíveis os dados do  Sistema de Contas Regionais do IBGE, estima-se que o PIB da região Sul  tenha crescido mais que o do Brasil. Em 202"
ARTIGOS_TXT\td24-economia-da-regiao-sul-tres-evolucoes-distintas-de-pib-nas-ultimas-duas-decadas_0.txt,IBGE,"o território nacional. Em termos  populacionais, segundo o Censo Demográfico do IBGE de 2022, 14,7% da  população brasileira vive nessa região que, representa aprox"
ARTIGOS_TXT\td24-economia-da-regiao-sul-tres-evolucoes-distintas-de-pib-nas-ultimas-duas-decadas_0.txt,IBGE,"imadamente 17% do  PIB nacional, de acordo com o Sistema de Contas Regionais do IBGE (SCR).  No Gráfico 1 é apresentada a distribuição do valor adicionado da região"
ARTIGOS_TXT\td24-economia-da-regiao-sul-tres-evolucoes-distintas-de-pib-nas-ultimas-duas-decadas_0.txt,IBGE,"pecuária, indústria e serviços), ao longo dos  anos a partir das informações do IBGE.   Gráfico 1 - Participação %, anual, das atividades econômicas no valor  adici"
ARTIGOS_TXT\td24-economia-da-regiao-sul-tres-evolucoes-distintas-de-pib-nas-ultimas-duas-decadas_0.txt,IBGE,", anual, das atividades econômicas no valor  adicionado da Região Sul    Fonte: IBGE - Sistema de Contas Regionais. Elaboração própria.  8,6 12,1 10,0 7,8 8,3 8,5 9"
ARTIGOS_TXT\td24-economia-da-regiao-sul-tres-evolucoes-distintas-de-pib-nas-ultimas-duas-decadas_0.txt,IBGE,"econômicas, no valor adicionado do Brasil, Média de 2002 a 2022 - %    Fonte: IBGE – Sistema de Contas Regionais. Elaboração própria.  3.  Evolução real da ativid"
ARTIGOS_TXT\td24-economia-da-regiao-sul-tres-evolucoes-distintas-de-pib-nas-ultimas-duas-decadas_0.txt,IBGE,"l da atividade econômica  De acordo com dados do Sistema de Contas Regionais do IBGE, o PIB da região  Sul cresceu à taxa média de 1,88% ao ano, de 2002 a 2022, sen"
ARTIGOS_TXT\td24-economia-da-regiao-sul-tres-evolucoes-distintas-de-pib-nas-ultimas-duas-decadas_0.txt,IBGE,"3 - Crescimento médio anual do PIB entre 2002 e 2022, por região - %    Fonte: IBGE – Sistema de Contas Regionais. Elaboração própria.  Na análise da evolução do P"
ARTIGOS_TXT\td24-economia-da-regiao-sul-tres-evolucoes-distintas-de-pib-nas-ultimas-duas-decadas_0.txt,IBGE,eal por regiões – 2001 = 100    Fonte: Brasil e dados regionais de 2021 a 2022: IBGE. Dados regionais de 2023 e 2024:  Estimativas dos autores com base em dados con
ARTIGOS_TXT\td24-economia-da-regiao-sul-tres-evolucoes-distintas-de-pib-nas-ultimas-duas-decadas_0.txt,IBGE,"nais de 2023 e 2024:  Estimativas dos autores com base em dados conjunturais do IBGE, EPE, ANP, DataSUS e INEP.  Elaboração própria.  As barras cinzas mostram a dif"
ARTIGOS_TXT\td24-economia-da-regiao-sul-tres-evolucoes-distintas-de-pib-nas-ultimas-duas-decadas_0.txt,IBGE,"o, o dad o do Brasil é o oficial  divulgado nas Contas Nacionais Trimestrais do IBGE.    3,22 2,34 1,91 1,88 3,23 2,16 0,0 0,5 1,0 1,5 2,0 2,5 3,0 3,5 Norte Nordest"
ARTIGOS_TXT\td24-economia-da-regiao-sul-tres-evolucoes-distintas-de-pib-nas-ultimas-duas-decadas_0.txt,IBGE,.3 3.9 2.2 3.6 2.4 0.0 1.3 3.5  Fonte: Brasil e dados regionais de 2021 a 2022: IBGE. Dados regionais de 2023 e 2024:  Estimativas dos autores com base em dados con
ARTIGOS_TXT\td24-economia-da-regiao-sul-tres-evolucoes-distintas-de-pib-nas-ultimas-duas-decadas_0.txt,IBGE,"nais de 2023 e 2024:  Estimativas dos autores com base em dados conjunturais do IBGE, EPE, ANP, DataSUS e INEP.  Elaboração própria.  A partir de 2022, novamente, a"
ARTIGOS_TXT\td24-economia-da-regiao-sul-tres-evolucoes-distintas-de-pib-nas-ultimas-duas-decadas_0.txt,IBGE,8    Gráfico 5 – Participação das UF no PIB da região Sul - %    Fonte: IBGE - Sistema de Contas Regionais. Elaboração própria.  Pela análise da evolução do
ARTIGOS_TXT\td24-economia-da-regiao-sul-tres-evolucoes-distintas-de-pib-nas-ultimas-duas-decadas_0.txt,IBGE,gião Sul por UF - 2001 = 100    Fonte: Brasil e dados regionais de 2021 a 2022: IBGE. Dados regionais de 2023 e 2024:  Estimativas dos autores com base em dados con
ARTIGOS_TXT\td24-economia-da-regiao-sul-tres-evolucoes-distintas-de-pib-nas-ultimas-duas-decadas_0.txt,IBGE,"nais de 2023 e 2024:  Estimativas dos autores com base em dados conjunturais do IBGE, EPE, ANP, DataSUS e INEP.  Elaboração própria.  Desde 2017, a evolução do PIB"
ARTIGOS_TXT\td24-economia-da-regiao-sul-tres-evolucoes-distintas-de-pib-nas-ultimas-duas-decadas_0.txt,IBGE,al por período e regiões - %    Fonte: Brasil e dados regionais de 2021 a 2022: IBGE. Dados regionais de 2023 e 2024:  Estimativas dos autores com base em dados con
ARTIGOS_TXT\td24-economia-da-regiao-sul-tres-evolucoes-distintas-de-pib-nas-ultimas-duas-decadas_0.txt,IBGE,"nais de 2023 e 2024:  Estimativas dos autores com base em dados conjunturais do IBGE, EPE, ANP , DataSUS e INEP.  Elaboração própria.    Ainda de acordo com o Gráfi"
ARTIGOS_TXT\td24-economia-da-regiao-sul-tres-evolucoes-distintas-de-pib-nas-ultimas-duas-decadas_0.txt,IBGE,"o (- 31,7%), segundo dados do Levantamento Sistemático da Produção Agrícola do  IBGE (LSPA). Apesar da recuperação em 2023 e 2024, a evolução do valor  adicionado d"
ARTIGOS_TXT\td24-economia-da-regiao-sul-tres-evolucoes-distintas-de-pib-nas-ultimas-duas-decadas_0.txt,IBGE,gião Sul por UF - 2001 = 100    Fonte: Brasil e dados regionais de 2021 a 2022: IBGE. Dados regionais de 2023 e 2024:  Estimativas dos autores com base em dados con
ARTIGOS_TXT\td24-economia-da-regiao-sul-tres-evolucoes-distintas-de-pib-nas-ultimas-duas-decadas_0.txt,IBGE,"nais de 2023 e 2024:  Estimativas dos autores com base em dados conjunturais do IBGE, EPE, ANP, DataSUS e INEP.  Elaboração própria.  No Gráfico 9 são apresentadas"
ARTIGOS_TXT\td24-economia-da-regiao-sul-tres-evolucoes-distintas-de-pib-nas-ultimas-duas-decadas_0.txt,IBGE,gião Sul por UF - 2003 = 100    Fonte: Brasil e dados regionais de 2021 a 2022: IBGE. Dados regionais de 2023 e 2024:  Estimativas dos autores com base em dados con
ARTIGOS_TXT\td24-economia-da-regiao-sul-tres-evolucoes-distintas-de-pib-nas-ultimas-duas-decadas_0.txt,IBGE,"nais de 2023 e 2024:  Estimativas dos autores com base em dados conjunturais do IBGE, EPE, ANP, DataS US e INEP.  Elaboração própria.  No caso do Paraná, destaca-se"
ARTIGOS_TXT\td24-economia-da-regiao-sul-tres-evolucoes-distintas-de-pib-nas-ultimas-duas-decadas_0.txt,IBGE,", mais que dobrou a produção, segundo dados da Pesquisa da  Indústria Mensal do IBGE (PIM-RG). Além desse componente, também se  destacaram positivamente ao longo d"
ARTIGOS_TXT\td24-economia-da-regiao-sul-tres-evolucoes-distintas-de-pib-nas-ultimas-duas-decadas_0.txt,IBGE,"adicionado, principalmente a partir de  2017. A Pesquisa Mensal de Serviços do IBGE (PMS) mostra que, entre 2016 e  2024, o estado foi o terceiro do país que mais"
ARTIGOS_TXT\td24-economia-da-regiao-sul-tres-evolucoes-distintas-de-pib-nas-ultimas-duas-decadas_0.txt,IBGE,gião Sul por UF - 2001 = 100    Fonte: Brasil e dados regionais de 2021 a 2022: IBGE. Dados regionais de 2023 e 2024:  Estimativas dos autores com base em dados con
ARTIGOS_TXT\td24-economia-da-regiao-sul-tres-evolucoes-distintas-de-pib-nas-ultimas-duas-decadas_0.txt,IBGE,"nais de 2023 e 2024:  Estimativas dos autores com base em dados conjunturais do IBGE, EPE, ANP, DataSUS e INEP.  Elaboração própria.  O setor de serviços do Paraná"
ARTIGOS_TXT\td24-economia-da-regiao-sul-tres-evolucoes-distintas-de-pib-nas-ultimas-duas-decadas_0.txt,IBGE,"o da sua indústria.   Além dos dados oficiais do Sistema de Contas Regionais do IBGE que contém  informações até 2022, utilizou-se estimativas para 2023 e 2024 real"
ARTIGOS_TXT\td24-economia-da-regiao-sul-tres-evolucoes-distintas-de-pib-nas-ultimas-duas-decadas_0.txt,IBGE,"ssa análise, com foco  nos anos de 2023 e 2024, período em que a série anual do IBGE não está  disponível.  5.  Estimativas de PIB para 2023-2024 e análise trimestr"
ARTIGOS_TXT\td24-economia-da-regiao-sul-tres-evolucoes-distintas-de-pib-nas-ultimas-duas-decadas_0.txt,IBGE,axa de crescimento estimada para o PIB por regiões e anos - %    Fonte: Brasil: IBGE. Dados regionais: Estimativas dos autores com base em dados conjunturais do  IB
ARTIGOS_TXT\td24-economia-da-regiao-sul-tres-evolucoes-distintas-de-pib-nas-ultimas-duas-decadas_0.txt,IBGE,"GE. Dados regionais: Estimativas dos autores com base em dados conjunturais do  IBGE, EPE, ANP, DataSUS e INEP. Elaboração própria.  3,2 3,4 6,1 2,5 1,4 3,13,4 3,9"
ARTIGOS_TXT\td24-economia-da-regiao-sul-tres-evolucoes-distintas-de-pib-nas-ultimas-duas-decadas_0.txt,IBGE,",2 -2,9  3T2024 0,7 1,6 1,9 1,5 0,8  4T2024 0,2 0,9 1,3 0,7 0,8  Fonte: Brasil: IBGE. Dados regionais: Estimativas dos autores com base em dados conjunturais do  IB"
ARTIGOS_TXT\td24-economia-da-regiao-sul-tres-evolucoes-distintas-de-pib-nas-ultimas-duas-decadas_0.txt,IBGE,"GE. Dados regionais: Estimativas dos autores com base em dados conjunturais do  IBGE, EPE, ANP, DataSUS e INEP. Elaboração própria.  Na análise trimestral desde 202"
ARTIGOS_TXT\The green swan - Central banking and financial stability in the age of climate change.txt,Xavier,"Levy, David Lunsford, Sabine Mauderer, Jean- François Mercure, Juliette  Mollo, Xavier Musca, William Oman, Adrian Orr, Alban Pyanet, Fernando Restoy, Guilllaume Rich"
ARTIGOS_TXT\The Political Economy of the Creative and Cultural - Leandro Valiati - 2025 - Routledge.txt,IBGE,i‑ ture on culture.  • Brazil’s Instituto Brasileiro de Geografa e Estatística (IBGE): Developed  the System of Information and Cultural Indicators (SIIC) in collab
ARTIGOS_TXT\The Political Economy of the Creative and Cultural - Leandro Valiati - 2025 - Routledge.txt,IBGE,"and Cultural Indicators (SIIC) in collabora‑ tion with the Ministry of Culture. IBGE produces regular reports on the  cultural economy, including data on cultural e"
ARTIGOS_TXT\The Political Economy of the Creative and Cultural - Leandro Valiati - 2025 - Routledge.txt,IBGE,"nd Uses (TRU)  provided by the Brazilian Institute of Geography and Statistics (IBGE).  4 Other Remunerations: This category included income from digital  sources,"
